{
	"format_version": "1.8.0",
	"animations": {
		"animation.target.idle": {
			"loop": true,
			"animation_length": 2,
			"bones": {
				"target": {
					"scale": {
						"0.0": [1, 1, 1],
						"0.25": {
							"pre": [1, 1, 1],
							"post": [0.975, 0.975, 0.975]
						},
						"0.5": {
							"pre": [0.975, 0.975, 0.975],
							"post": [0.95, 0.95, 0.95]
						},
						"0.75": {
							"pre": [0.95, 0.95, 0.95],
							"post": [0.925, 0.925, 0.925]
						},
						"1.0": {
							"pre": [0.925, 0.925, 0.925],
							"post": [0.9, 0.9, 0.9]
						},
						"1.25": {
							"pre": [0.9, 0.9, 0.9],
							"post": [0.925, 0.925, 0.925]
						},
						"1.5": {
							"pre": [0.925, 0.925, 0.925],
							"post": [0.95, 0.95, 0.95]
						},
						"1.75": {
							"pre": [0.95, 0.95, 0.95],
							"post": [0.975, 0.975, 0.975]
						},
						"2.0": {
							"pre": [0.975, 0.975, 0.975],
							"post": [1, 1, 1]
						}
					}
				}
			}
		},
		"animation.target.pop": {
			"loop": "hold_on_last_frame",
			"animation_length": 0.16667,
			"particle_effects": {
				"0.0": {
					"effect": "pop",
					"locator": "effect_locator"
				}
			},
			"bones": {
				"target": {
					"scale": {
						"0.0": [1, 1, 1],
						"0.0417": [1.3, 1.3, 1.3],
						"0.125": {
							"pre": [1.3, 1.3, 1.3],
							"post": [0, 0, 0]
						}
					}
				}
			}
		},
		"animation.target.inflate": {
			"loop": "hold_on_last_frame",
			"animation_length": 0.95833,
			"bones": {
				"target": {
					"rotation": {
						"0.0": ["math.sin(query.anim_time*3000)*4", 0, 0],
						"0.8333": [0, 0, 0]
					},
					"scale": {
						"0.0": [0, 0, 0],
						"0.0833": {
							"pre": [0, 0, 0],
							"post": [0.0833, 0.0833, 0.0833]
						},
						"0.1667": {
							"pre": [0.0833, 0.0833, 0.0833],
							"post": [0.1666, 0.1666, 0.1666]
						},
						"0.2083": {
							"pre": [0.1666, 0.1666, 0.1666],
							"post": [0.2083, 0.2083, 0.2083]
						},
						"0.2917": {
							"pre": [0.2083, 0.2083, 0.2083],
							"post": [0.2916, 0.2916, 0.2916]
						},
						"0.3333": {
							"pre": [0.2916, 0.2916, 0.2916],
							"post": [0.3333, 0.3333, 0.3333]
						},
						"0.4167": {
							"pre": [0.3333, 0.3333, 0.3333],
							"post": [0.4166, 0.4166, 0.4166]
						},
						"0.4583": {
							"pre": [0.4166, 0.4166, 0.4166],
							"post": [0.4583, 0.4583, 0.4583]
						},
						"0.5417": {
							"pre": [0.4583, 0.4583, 0.4583],
							"post": [0.5416, 0.5416, 0.5416]
						},
						"0.5833": {
							"pre": [0.5416, 0.5416, 0.5416],
							"post": [0.5833, 0.5833, 0.5833]
						},
						"0.625": {
							"pre": [0.5833, 0.5833, 0.5833],
							"post": [0.625, 0.625, 0.625]
						},
						"0.7083": {
							"pre": [0.625, 0.625, 0.625],
							"post": [0.7083, 0.7083, 0.7083]
						},
						"0.75": {
							"pre": [0.7083, 0.7083, 0.7083],
							"post": [0.7639, 0.7639, 0.7639]
						},
						"0.8333": {
							"pre": [0.7639, 0.7639, 0.7639],
							"post": [0.875, 0.875, 0.875]
						},
						"0.9583": {
							"pre": [0.875, 0.875, 0.875],
							"post": [1, 1, 1]
						}
					}
				}
			}
		},
		"animation.target.rounded_to_camera": {
			"loop": true,
			"bones": {
				"root": {
					"rotation": [0, "math.round((q.rotation_to_camera(1)+180)/90)*90", 0]
				}
			}
		}
	}
}